<?xml version="1.0" encoding="UTF-8"?>
<metadata xml:lang="en"><Esri><CreaDate>20251015</CreaDate><CreaTime>23093600</CreaTime><ArcGISFormat>1.0</ArcGISFormat><SyncOnce>TRUE</SyncOnce><DataProperties><lineage><Process ToolSource="c:\users\zhongya2\appdata\local\programs\arcgis\pro\Resources\ArcToolbox\toolboxes\Spatial Analyst Tools.tbx\ExtractByMask" Date="20251015" Time="230936">ExtractByMask C:\FlowPath2\fn\Flow_direction.tif Indrawati "C:\FlowPath2\Test Data\Flow_dir" Inside "-234957,194818548 -241480,557809747 -205217,991805669 -184607,578144272 PROJCS["Asia_North_Lambert_Conformal_Conic_3",GEOGCS["GCS_WGS_1984",DATUM["D_WGS_1984",SPHEROID["WGS_1984",6378137.0,298.257223563]],PRIMEM["Greenwich",0.0],UNIT["Degree",0.0174532925199433]],PROJECTION["Lambert_Conformal_Conic"],PARAMETER["False_Easting",0.0],PARAMETER["False_Northing",0.0],PARAMETER["Central_Meridian",88.0],PARAMETER["Standard_Parallel_1",15.0],PARAMETER["Standard_Parallel_2",65.0],PARAMETER["Scale_Factor",1.0],PARAMETER["Latitude_Of_Origin",30.0],UNIT["Meter",1.0]]"</Process></lineage></DataProperties></Esri></metadata>
